Kinase,Domain,Domain position
AKT1_HUMAN,PH,5..108
AKT1_HUMAN,Protein kinase,150..408
AKT1_HUMAN,AGC-kinase C-terminal,409..480
AKT2_HUMAN,PH,5..108
AKT2_HUMAN,Protein kinase,152..409
AKT2_HUMAN,AGC-kinase C-terminal,410..481
AKT3_HUMAN,PH,5..107
AKT3_HUMAN,Protein kinase,148..405
AKT3_HUMAN,AGC-kinase C-terminal,406..479
MRCKA_HUMAN,Protein kinase,77..343
MRCKA_HUMAN,AGC-kinase C-terminal,344..414
MRCKA_HUMAN,PH,1082..1201
MRCKA_HUMAN,CNH,1227..1499
MRCKA_HUMAN,CRIB,1571..1584
MRCKB_HUMAN,Protein kinase,76..342
MRCKB_HUMAN,AGC-kinase C-terminal,343..413
MRCKB_HUMAN,PH,1095..1214
MRCKB_HUMAN,CNH,1240..1513
MRCKB_HUMAN,CRIB,1583..1596
MRCKG_HUMAN,Protein kinase,71..337
MRCKG_HUMAN,AGC-kinase C-terminal,338..408
MRCKG_HUMAN,PH,947..1066
MRCKG_HUMAN,CNH,1092..1366
MRCKG_HUMAN,CRIB,1437..1450
CTRO_HUMAN,Protein kinase,97..360
CTRO_HUMAN,AGC-kinase C-terminal,361..431
CTRO_HUMAN,PH,1443..1563
CTRO_HUMAN,CNH,1591..1881
DMPK_HUMAN,Protein kinase,71..339
DMPK_HUMAN,AGC-kinase C-terminal,340..415
GRK1_HUMAN,RGS,58..175
GRK1_HUMAN,Protein kinase,190..455
GRK1_HUMAN,AGC-kinase C-terminal,456..521
