Kinase,Target,Position,Residue
AKT1_HUMAN,NA,124,Serine
AKT1_HUMAN,NA,126,Serine
AKT1_HUMAN,NA,129,Serine
AKT1_HUMAN,TNK2,176,Tyrosine
AKT1_HUMAN,IKKE,308,Threonine
AKT1_HUMAN,PDPK1,308,Threonine
AKT1_HUMAN,TBK1,308,Threonine
AKT1_HUMAN,NA,448,Threonine
AKT1_HUMAN,NA,450,Threonine
AKT1_HUMAN,NA,473,Serine
AKT1_HUMAN,NA,474,Tyrosine
AKT2_HUMAN,NA,34,Serine
AKT2_HUMAN,NA,126,Serine
AKT2_HUMAN,PDPK1,309,Threonine
AKT2_HUMAN,NA,447,Serine
AKT2_HUMAN,NA,451,Threonine
AKT2_HUMAN,NA,474,Serine
AKT2_HUMAN,NA,478,Serine
AKT3_HUMAN,PDPK1,305,Threonine
AKT3_HUMAN,NA,447,Threonine
AKT3_HUMAN,PKC/PRKCZ,472,Serine
MRCKA_HUMAN,MRCKA_HUMAN,222,Serine
MRCKA_HUMAN,MRCKA_HUMAN,234,Serine
MRCKA_HUMAN,MRCKA_HUMAN,240,Threonine
MRCKA_HUMAN,NA,1127,Serine
MRCKA_HUMAN,NA,1545,Serine
MRCKA_HUMAN,NA,1611,Serine
MRCKA_HUMAN,NA,1613,Serine
MRCKA_HUMAN,NA,1629,Serine
MRCKA_HUMAN,NA,1651,Serine
MRCKA_HUMAN,NA,1664,Serine
MRCKA_HUMAN,NA,1669,Serine
MRCKA_HUMAN,NA,1693,Serine
MRCKA_HUMAN,NA,1719,Serine
MRCKA_HUMAN,NA,1721,Serine
MRCKB_HUMAN,MRCKB_HUMAN,221,Serine
MRCKB_HUMAN,MRCKB_HUMAN,233,Serine
MRCKB_HUMAN,MRCKB_HUMAN,239,Threonine
MRCKB_HUMAN,NA,423,Threonine
MRCKB_HUMAN,NA,954,Tyrosine
MRCKB_HUMAN,NA,1680,Serine
MRCKB_HUMAN,NA,1682,Serine
MRCKB_HUMAN,NA,1686,Serine
MRCKB_HUMAN,NA,1690,Serine
MRCKB_HUMAN,NA,1693,Serine
MRCKG_HUMAN,MRCKG_HUMAN,216,Serine
MRCKG_HUMAN,MRCKG_HUMAN,228,Serine
MRCKG_HUMAN,MRCKG_HUMAN,234,Threonine
MRCKG_HUMAN,NA,1482,Serine
CTRO_HUMAN,NA,433,Serine
CTRO_HUMAN,NA,440,Serine
CTRO_HUMAN,NA,480,Serine
CTRO_HUMAN,NA,582,Serine
CTRO_HUMAN,NA,1196,Tyrosine
CTRO_HUMAN,NA,1940,Serine
CTRO_HUMAN,NA,1993,Serine
CTRO_HUMAN,NA,2013,Threonine
DMPK_HUMAN,DMPK_HUMAN,216,Serine
DMPK_HUMAN,DMPK_HUMAN,228,Serine
DMPK_HUMAN,DMPK_HUMAN,234,Threonine
GRK1_HUMAN,NA,5,Serine
GRK1_HUMAN,NA,8,Threonine
GRK1_HUMAN,PKA,21,Serine
GRK1_HUMAN,GRK1_HUMAN,21,Serine
GRK1_HUMAN,GRK1_HUMAN,491,Serine
GRK1_HUMAN,GRK1_HUMAN,492,Threonine
